model,winner
PPO,Base
PPO,Base
PPO,Base
PPO,Base
PPO,Base
PPO,Base
PPO,Base
PPO,Base
PPO,Base
PPO,Base
PPO,Base
PPO,Tie
PPO,Base
PPO,Base
PPO,Tie
PPO,Base
PPO,Base
PPO,Base
PPO,Tie
PPO,Base
PPO,Base
PPO,Tie
PPO,PPO
PPO,Base
PPO,Base
PPO,Base
PPO,Base
PPO,Base
PPO,Base
PPO,Base
PPO,Base
PPO,Base
PPO,Base
PPO,Base
PPO,Base
PPO,Base
PPO,Base
PPO,Tie
PPO,Base
PPO,Base
PPO,Tie
PPO,Base
PPO,Base
PPO,Base
PPO,Base
PPO,Base
PPO,Tie
PPO,Base
PPO,Base
PPO,Base
PPO,Base
PPO,Base
PPO,Tie
PPO,Base
PPO,Base
PPO,Base
PPO,Base
PPO,Base
PPO,Base
PPO,Base
PPO,Tie
PPO,Base
PPO,Base
PPO,Base
PPO,Base
PPO,Base
PPO,Base
PPO,Base
PPO,Base
PPO,Tie
PPO,Tie
PPO,PPO
PPO,Base
PPO,Base
PPO,Base
PPO,Base
PPO,Base
PPO,Base
PPO,Base
PPO,Tie
PPO,Base
PPO,Base
PPO,Base
PPO,Base
PPO,Base
PPO,Base
PPO,Tie
PPO,Tie
PPO,Base
PPO,Base
PPO,Base
PPO,Base
PPO,Base
PPO,Tie
PPO,Base
PPO,Base
PPO,Base
PPO,Tie
PPO,Tie
PPO,Tie
DPO,Base
DPO,Base
DPO,Tie
DPO,DPO
DPO,Tie
DPO,Tie
DPO,DPO
DPO,Tie
DPO,Tie
DPO,Tie
DPO,Tie
DPO,Tie
DPO,Base
DPO,DPO
DPO,Tie
DPO,Tie
DPO,Tie
DPO,DPO
DPO,Tie
DPO,Base
DPO,Base
DPO,Tie
DPO,Base
DPO,DPO
DPO,DPO
DPO,Tie
DPO,Base
DPO,Base
DPO,Base
DPO,Tie
DPO,Tie
DPO,Base
DPO,DPO
DPO,Base
DPO,Tie
DPO,Tie
DPO,Base
DPO,Base
DPO,Tie
DPO,Tie
DPO,DPO
DPO,DPO
DPO,DPO
DPO,Tie
DPO,DPO
DPO,Tie
DPO,Tie
DPO,DPO
DPO,Tie
DPO,Base
DPO,DPO
DPO,Tie
DPO,Tie
DPO,Tie
DPO,Base
DPO,DPO
DPO,Base
DPO,Base
DPO,Tie
DPO,Base
DPO,DPO
DPO,DPO
DPO,DPO
DPO,Tie
DPO,Tie
DPO,Tie
DPO,DPO
DPO,Tie
DPO,DPO
DPO,Tie
DPO,Tie
DPO,DPO
DPO,Tie
DPO,DPO
DPO,Tie
DPO,Base
DPO,Tie
DPO,DPO
DPO,Tie
DPO,Base
DPO,Tie
DPO,Base
DPO,Tie
DPO,DPO
DPO,Base
DPO,Tie
DPO,Tie
DPO,DPO
DPO,Tie
DPO,Base
DPO,Tie
DPO,Tie
DPO,DPO
DPO,DPO
DPO,Base
DPO,Tie
DPO,DPO
DPO,DPO
DPO,DPO
DPO,Base
GRPO,Base
GRPO,Base
GRPO,Base
GRPO,Base
GRPO,Base
GRPO,Base
GRPO,Base
GRPO,Base
GRPO,Tie
GRPO,Base
GRPO,Base
GRPO,Base
GRPO,Base
GRPO,Tie
GRPO,Tie
GRPO,Base
GRPO,Base
GRPO,Base
GRPO,Tie
GRPO,Base
GRPO,Base
GRPO,Tie
GRPO,Base
GRPO,Base
GRPO,Base
GRPO,Base
GRPO,Base
GRPO,Base
GRPO,Base
GRPO,Base
GRPO,Base
GRPO,Base
GRPO,Base
GRPO,Base
GRPO,Base
GRPO,Base
GRPO,Base
GRPO,Base
GRPO,Base
GRPO,Base
GRPO,Tie
GRPO,Base
GRPO,Base
GRPO,Base
GRPO,GRPO
GRPO,Base
GRPO,Base
GRPO,Tie
GRPO,Base
GRPO,Base
GRPO,Base
GRPO,Base
GRPO,Base
GRPO,Base
GRPO,Base
GRPO,Base
GRPO,Base
GRPO,Base
GRPO,Base
GRPO,Base
GRPO,Error
GRPO,Error
GRPO,Base
GRPO,Error
GRPO,Error
GRPO,Error
GRPO,Error
GRPO,Error
GRPO,Error
GRPO,Error
GRPO,Error
GRPO,Error
GRPO,Error
GRPO,Error
GRPO,Error
GRPO,Error
GRPO,Error
GRPO,Error
GRPO,Error
GRPO,Error
GRPO,Error
GRPO,Error
GRPO,Error
GRPO,Error
GRPO,Error
GRPO,Error
GRPO,Error
GRPO,Error
GRPO,Error
GRPO,Error
GRPO,Error
GRPO,Error
GRPO,Error
GRPO,Error
GRPO,Error
GRPO,Error
GRPO,Error
GRPO,Error
GRPO,Error
GRPO,Error
